blog_id,title,media_id,name,path,preview
3,Wie wird eigentlich Trockenfutter hergestellt? ,1792,Hund-700_467,media/image/Hund-700_467.png,1
4,Wie lager ich mein Futter am Besten?,,,,
5,Deklaration kurz erklärt: Was ist Rohasche?,1144,Blog_Banner_Rindfleisch_auf_Brett_575x364,media/image/Blog_Banner_Rindfleisch_auf_Brett_575x364.png,1
6,Deklaration kurz erklärt: Was ist Rohprotein?,1263,Blog_Banner_Rindfleisch_auf_Brett_575x36457b6d84b51bc9,media/image/Blog_Banner_Rindfleisch_auf_Brett_575x36457b6d84b51bc9.png,1
7,Deklaration kurz erklärt: Was ist Rohfett?,1789,Zurueck-zur-Natur,media/image/Zurueck-zur-Natur.png,1
8,Deklaration kurz erklärt: Was ist Rohfaser?,1919,Jack-Russell-klein,media/image/Jack-Russell-klein.jpg,1
9,Was ist besser Trocken- oder Nassfutter?,2039,chihuahua,media/image/chihuahua.jpg,1
10,Kann ich meinen Hund Vegetarisch oder Vegan ernähren?,1876,shutterstock_1053789092-Getreide-klein,media/image/shutterstock_1053789092-Getreide-klein.jpg,1
11,Was sind Kohlenhydrate?,1262,Blog_Banner_Kartoffel_575x323,media/image/Blog_Banner_Kartoffel_575x323.jpg,1
12,Woher stammt eigentlich das Fleisch das bei Bubeck verarbeitet wird?,1263,Blog_Banner_Rindfleisch_auf_Brett_575x36457b6d84b51bc9,media/image/Blog_Banner_Rindfleisch_auf_Brett_575x36457b6d84b51bc9.png,1
13,Wie wird eigentlich Nassfutter hergestellt?,,,,
14,Wie füttere ich meinen Junghund mit Bubeck,997,KampfumBully1910-2,media/image/KampfumBully1910-2.png,1
15,Kann ich meinen Hund Vegetarisch oder Vegan ernähren?,1124,Caesar_hund_SW,media/image/Caesar_hund_SW.png,1
16,Wieviel Fleischanteil soll in meinem Trockenfutter sein.,1298,Blog_Fleisch_575x381,media/image/Blog_Fleisch_575x381.jpg,1
17,Wielviel muss mein Hund am Tag fressen,,,,
19,Stammt mein Hund vom Wolf ab? ,1671,wolf-635063_1920,media/image/wolf-635063_1920.jpg,1
20,Der Sommerurlaub und mein Vierbeiner,1146,Kai-Winter,media/image/Kai-Winter.jpg,1
21,Was macht Lammfleisch so besonders,1142,Blog_Banner_Lamm_575x364,media/image/Blog_Banner_Lamm_575x364.jpg,1
22,Was macht Rindfleisch so besonders,1143,Blog_Banner_Rind_575_364,media/image/Blog_Banner_Rind_575_364.jpg,1
23,Was macht Entenfleisch so besonders?,1145,Blog_Banner_Ente_575x364,media/image/Blog_Banner_Ente_575x364.jpg,1
24,Interzoo 2014,1147,Interzoo_2014_1,media/image/Interzoo_2014_1.jpg,1
24,Interzoo 2014,1148,Interzoo_2014_2,media/image/Interzoo_2014_2.jpg,"0"
24,Interzoo 2014,1149,Interzoo_2014_3,media/image/Interzoo_2014_3.jpg,"0"
24,Interzoo 2014,1150,Interzoo_2014_4,media/image/Interzoo_2014_4.jpg,"0"
24,Interzoo 2014,1151,Interzoo_2014_5,media/image/Interzoo_2014_5.jpg,"0"
25,Interzoo 2016,1152,Interzoo_2016_1,media/image/Interzoo_2016_1.jpg,1
25,Interzoo 2016,1153,Interzoo_2016_2,media/image/Interzoo_2016_2.jpg,"0"
25,Interzoo 2016,1154,Interzoo_2016_3,media/image/Interzoo_2016_3.jpg,"0"
25,Interzoo 2016,1155,Interzoo_2016_4,media/image/Interzoo_2016_4.jpg,"0"
25,Interzoo 2016,1156,Interzoo_2016_5,media/image/Interzoo_2016_5.jpg,"0"
26,Neues aus der Manufaktur: Die Gründer-Edition,1157,start_shop_gross_1160x770_edition_rind,media/image/start_shop_gross_1160x770_edition_rind.jpg,1
27,Brief von Paul Kult,,,,
28,Der BARF - Finisher,1164,Barf_finisher_6kg_karton_web,media/image/Barf_finisher_6kg_karton_web.jpg,1
29,Interzoo 2010,1165,Interzoo_2010_1,media/image/Interzoo_2010_1.jpg,1
29,Interzoo 2010,1166,Interzoo_2010_2,media/image/Interzoo_2010_2.jpg,"0"
30,Katzennahrung von Bubeck,1300,shop_teaser_klein_262x800_katze,media/image/shop_teaser_klein_262x800_katze.jpg,1
31,Was macht Pferdefleisch so besonders?,1180,Blog_Banner_Pferd_575x364,media/image/Blog_Banner_Pferd_575x364.jpg,1
32,Was macht Putenfleisch / Truthahnfleisch so besonders?,1181,Blog_Banner_Truthahn_575x364,media/image/Blog_Banner_Truthahn_575x364.jpg,1
33,Was macht Schweinefleisch so besonders?,1182,Blog_Banner_Schwein_575x364,media/image/Blog_Banner_Schwein_575x364.jpg,1
34,Was macht Wildfleisch so besonders?,1183,Blog_Banner_Wild_575x364,media/image/Blog_Banner_Wild_575x364.jpg,1
35,Was macht die Kartoffel so besonders?,1262,Blog_Banner_Kartoffel_575x323,media/image/Blog_Banner_Kartoffel_575x323.jpg,1
36,Wie kann ich meinen Hund glücklich füttern. ,1298,Blog_Fleisch_575x381,media/image/Blog_Fleisch_575x381.jpg,1
37,Was ist bei einem Windhund eigentlich so besonders,1301,mann_mit_hund_Bubeck,media/image/mann_mit_hund_Bubeck.png,1
38,Stellungnahme zu Stiftung Warentest 06 / 2016,1301,mann_mit_hund_Bubeck,media/image/mann_mit_hund_Bubeck.png,1
39,Was ist bei Hunden im Herbst und Winter zu beachten,1123,Perfekt-Hunde-1980,media/image/Perfekt-Hunde-1980.png,1
40,Woher kommt meine Wolle,1531,Wolle,media/image/Wolle.jpg,1
41,Rhein - Neckar - Zeitung vom 05 Februar 2017,1590,Rhein_Neckar_Zeitung05Feb2017,media/image/Rhein_Neckar_Zeitung05Feb2017.jpg,1
42,Beitrag Landesschau Baden-Württemberg vom 17 November 2016,1591,Logo-Landesschau-Baden-W-rttemberg,media/image/Logo-Landesschau-Baden-W-rttemberg.jpg,1
43,Heilbronner Stimme vom 22 Oktober 2016,1592,HeilbronnerStimmeLogo,media/image/HeilbronnerStimmeLogo.jpg,1
44,Frankfurter Allgemeine Sonntagszeitung vom 27 November 2010,1593,FAS_408_80,media/image/FAS_408_80.jpg,1
45,Heilbronner Stimme Juni 2009,1592,HeilbronnerStimmeLogo,media/image/HeilbronnerStimmeLogo.jpg,1
46,Initiative für sozialkompetente Hundehalter,1594,Download,media/image/Download.png,"0"
46,Initiative für sozialkompetente Hundehalter,1595,hefttitel_201003,media/image/hefttitel_201003.jpg,1
47,Hundeleckerlis: artgerecht und gesund einkaufen,1652,Bubeck-Weihnachtsmann,media/image/Bubeck-Weihnachtsmann.png,1
48,Katzenfutter in Premium Qualität reicht vollkommen,1603,huhn_pur_100g_katze_100g,media/image/huhn_pur_100g_katze_100g.png,1
49,"Hundeleckerli, kalorienarm: Belohnung beim Training",1123,Perfekt-Hunde-1980,media/image/Perfekt-Hunde-1980.png,1
50,"Artikel in der Discover Germany Issue 49, April 2017",,,,
51,Alles wichtige zu Schlittenhunde,2081,Bubeck_BarbaraWinzig-1,media/image/Bubeck_BarbaraWinzig-1.jpg,1
51,Alles wichtige zu Schlittenhunde,2080,Bubeck_BarbaraWinzig-2,media/image/Bubeck_BarbaraWinzig-2.jpg,"0"
52,"Hundekuchen selber backen, Hundekekse selber machen",1123,Perfekt-Hunde-1980,media/image/Perfekt-Hunde-1980.png,1
53,Anti Filz & Conditioner Spray: Kämmhilfe für langes Hunde und Katzen Fell,1664,animal-1284307,media/image/animal-1284307.jpg,1
54,Sensitiv Shampoo für Hunde: Unterschiede beim Hundeshampoo?,1665,dog-889350_1280,media/image/dog-889350_1280.jpg,1
55,Ohr-Reiniger für Haustiere – warum Tierhalter darauf nicht verzichten sollten,1666,dog-1343049_1920,media/image/dog-1343049_1920.jpg,1
56,Pfotenpflege für Hunde: Nicht nur im Winter überaus wichtig,1667,Tramp-und-Hund,media/image/Tramp-und-Hund.png,1
57,Wundpflege & Wundbalsam für Hunde und Katzen: Erste Hilfe für kleine Blessuren,1669,weimaraner-1381186_1920,media/image/weimaraner-1381186_1920.jpg,1
58,Hundeleckerlies: Der Spagat zwischen Wollen und Sollen,1665,dog-889350_1280,media/image/dog-889350_1280.jpg,1
59,Tierarztkosten sparen – wie Hund und Katze gesund bleiben,1670,Tierarzt_web,media/image/Tierarzt_web.png,1
60,Zecken- und Flohschutz für Haustiere: Die gesundheitlichen Konsequenzen,1670,Tierarzt_web,media/image/Tierarzt_web.png,1
61,Hundeleckerlies zu Weihnachten - nur das Beste für den Vierbeiner,1652,Bubeck-Weihnachtsmann,media/image/Bubeck-Weihnachtsmann.png,1
62,Auftausalz – tierfreundliche Produkte ersparen Ihrem Liebling Beschwerden,1664,animal-1284307,media/image/animal-1284307.jpg,1
63,Billiges Hundefutter kann gesundheitliche Folgen haben,997,KampfumBully1910-2,media/image/KampfumBully1910-2.png,1
64,Fellprobleme bei Katzen – da kann die Ernährung schuld sein!,1693,Frau-mit-Katze,media/image/Frau-mit-Katze.jpg,1
65,Halsband? Geschirr? Was ist für meinen Hund das Beste?,1694,Mann-mit-Hund,media/image/Mann-mit-Hund.jpg,1
66,Haustier Hund: Das ABC der Vorbereitung und Haltung,1669,weimaraner-1381186_1920,media/image/weimaraner-1381186_1920.jpg,1
67,Hunde für Senioren: Welche Rassen eignen sich?,1695,Mann-Hund-Meer,media/image/Mann-Hund-Meer.jpg,1
68,Hundeleckerlies zu Weihnachten - nur das Beste für den Vierbeiner,1665,dog-889350_1280,media/image/dog-889350_1280.jpg,1
69,Kleinkinder und Hunde – Welche Rasse und weitere Tipps,1666,dog-1343049_1920,media/image/dog-1343049_1920.jpg,1
70,Tierfutter Online Shop – Qualität frei Haus,1149,Interzoo_2014_3,media/image/Interzoo_2014_3.jpg,1
71,Unterschiede zwischen Katzenfutter und Hundefutter,1665,dog-889350_1280,media/image/dog-889350_1280.jpg,1
72,Vollnahrung für Hunde: So finden Sie Ihr optimales Alleinfutter,1151,Interzoo_2014_5,media/image/Interzoo_2014_5.jpg,1
73,Ein Interview zum 125 Jährigen Jubiläum mit den heutigen Geschäftsführern,1697,Bubeck-Logo_1930_bis_1945,media/image/Bubeck-Logo_1930_bis_1945.png,1
74,"Gluten, der böse Feind in meinem Hundefutter",1123,Perfekt-Hunde-1980,media/image/Perfekt-Hunde-1980.png,"0"
74,"Gluten, der böse Feind in meinem Hundefutter",1876,shutterstock_1053789092-Getreide-klein,media/image/shutterstock_1053789092-Getreide-klein.jpg,1
75,Nachhaltig und artgerecht Hunde füttern ,1697,Bubeck-Logo_1930_bis_1945,media/image/Bubeck-Logo_1930_bis_1945.png,1
76,Wie der Hund zum Hundekuchen kam...,1669,weimaraner-1381186_1920,media/image/weimaraner-1381186_1920.jpg,1
77,Ein Gedanke nebenbei,1697,Bubeck-Logo_1930_bis_1945,media/image/Bubeck-Logo_1930_bis_1945.png,1
78,Fertigfutter für Hunde aber richtig – vom Erfinder des Dog-Craft,1728,Bubeck-Logo-1960,media/image/Bubeck-Logo-1960.png,1
78,Fertigfutter für Hunde aber richtig – vom Erfinder des Dog-Craft,1730,Bubeck-logo1950,media/image/Bubeck-logo1950.png,"0"
79,Benötigt mein Vegetarisches Futter L-Carnitin und Taurin,1697,Bubeck-Logo_1930_bis_1945,media/image/Bubeck-Logo_1930_bis_1945.png,1
80,Zecken beim Hund – Natürliche Abhilfe vor dem Biss,1666,dog-1343049_1920,media/image/dog-1343049_1920.jpg,1
81,Sport Hundefutter und der Energie- und Proteinhaushalt ,1123,Perfekt-Hunde-1980,media/image/Perfekt-Hunde-1980.png,1
83,Katzen haben Zecken: Schutz gegen Bisse bewahrt vor Erkrankungen,1740,cat-1041324,media/image/cat-1041324.jpg,1
84,Fellpflege beim Hund: Variiert von Rasse zu Rasse,1666,dog-1343049_1920,media/image/dog-1343049_1920.jpg,1
85,Basiswissen über die Ernährung des Hundes,1729,Bubeck-logo1960,media/image/Bubeck-logo1960.png,1
86,80% Fleischanteil im Hundefutter,1789,Zurueck-zur-Natur,media/image/Zurueck-zur-Natur.png,1
87,Zahnpflege beim Hund – so behält Ihr Hund gesunde Zähne,1790,Hund_700_525,media/image/Hund_700_525.png,1
88,Verfilztes Hundefell richtig kämmen ohne Schmerzen,1791,Hund_700_462,media/image/Hund_700_462.png,1
89,BARF und PreyBARF,1697,Bubeck-Logo_1930_bis_1945,media/image/Bubeck-Logo_1930_bis_1945.png,1
90,Müssen Hunde wirklich entwurmt werden?,1792,Hund-700_467,media/image/Hund-700_467.png,1
91,Selbstbeherrschung bei Hunden oder wer sind diese Kohlenhydrate?,1792,Hund-700_467,media/image/Hund-700_467.png,1
92,Bei Hunden Bachblüten Rescue Tropfen richtig anwenden,1666,dog-1343049_1920,media/image/dog-1343049_1920.jpg,1
93,Die richtige Krankenversicherung für Hunde finden,1664,animal-1284307,media/image/animal-1284307.jpg,1
94,Hochwertige Hundeleinen - Auf was genau sollte ich achten?,1695,Mann-Hund-Meer,media/image/Mann-Hund-Meer.jpg,1
95,Hundegeschirr - Auf die Passgenauigkeit kommt es an,1124,Caesar_hund_SW,media/image/Caesar_hund_SW.png,1
96,Mein Hund frisst Gras warum?,1669,weimaraner-1381186_1920,media/image/weimaraner-1381186_1920.jpg,1
97,Apportieren lernt jeder Hund – oder?,1667,Tramp-und-Hund,media/image/Tramp-und-Hund.png,1
98,Tierschutzhund I – Einen Hund aus dem Tierschutz holen?,1791,Hund_700_462,media/image/Hund_700_462.png,1
99,Tierschutzhund II – Ein Straßenhund zieht ein,1790,Hund_700_525,media/image/Hund_700_525.png,1
100,Zusammenarbeit Provicell – Bubeck  ,1789,Zurueck-zur-Natur,media/image/Zurueck-zur-Natur.png,1
101,"Welthundetag, denkt an eure Liebsten!",1789,Zurueck-zur-Natur,media/image/Zurueck-zur-Natur.png,1
102,Durch die Erfindung des Ackerbaus hat sich unsere Kultur verändert,1730,Bubeck-logo1950,media/image/Bubeck-logo1950.png,1
103,Wie Hunde mit dem Alleinsein zurechtkommen,1666,dog-1343049_1920,media/image/dog-1343049_1920.jpg,1
104,"Süße Welpen: Kopf drehen bei Hunden, Ohren spitzen und Co",1695,Mann-Hund-Meer,media/image/Mann-Hund-Meer.jpg,1
105,Haben Arbeitshunde eigentlich auch ein schönes Leben?,1790,Hund_700_525,media/image/Hund_700_525.png,1
106,Zum Wohle der Hunde: Pfötchen weg von Schokolade und Salami,1791,Hund_700_462,media/image/Hund_700_462.png,1
107,Sozialverhalten: Hunde unter sich,1123,Perfekt-Hunde-1980,media/image/Perfekt-Hunde-1980.png,1
108,Hellseher Hund? Erdbeben und andere Dinge früh erkennen,1665,dog-889350_1280,media/image/dog-889350_1280.jpg,1
109,Empfinden Hunde Empathie und haben sie wirklich ein Gewissen?,1669,weimaraner-1381186_1920,media/image/weimaraner-1381186_1920.jpg,1
110,"Mein Hund als Freund, Seelentröster und Gefährte an schlechten Tagen",1665,dog-889350_1280,media/image/dog-889350_1280.jpg,1
111,Woran erkenne ich gutes Katzenfutter?,1740,cat-1041324,media/image/cat-1041324.jpg,1
112,Woran erkenne ich gutes Trockenfutter für Hunde?,1790,Hund_700_525,media/image/Hund_700_525.png,1
113,Trockenfutter als Alleinfutter ist immer eine gute Wahl,1697,Bubeck-Logo_1930_bis_1945,media/image/Bubeck-Logo_1930_bis_1945.png,1
114,Hundeleckerlis als gesunde Beimischung zum täglichen Essen,1789,Zurueck-zur-Natur,media/image/Zurueck-zur-Natur.png,1
115,Mizzi Katzenfutter bietet das Beste in einer Dose,1740,cat-1041324,media/image/cat-1041324.jpg,1
116,"Nassfutter für Hunde von Bubeck – Qualität, die überzeugt",1730,Bubeck-logo1950,media/image/Bubeck-logo1950.png,1
117,Helfen Bachblüten Rescue Tropfen vor dem Tierarztbesuch?,1789,Zurueck-zur-Natur,media/image/Zurueck-zur-Natur.png,1
118,Familienhunde – welche Rassen eignen sich am besten für Familien mit Kindern?,1124,Caesar_hund_SW,media/image/Caesar_hund_SW.png,1
119,"Was benötige ich alles, wenn ich mir einen Hund zulege?",1669,weimaraner-1381186_1920,media/image/weimaraner-1381186_1920.jpg,1
120,Anschaffung eines Hundes – An was muss ich denken oder beachten?,1124,Caesar_hund_SW,media/image/Caesar_hund_SW.png,1
121,Wie finde ich den richtigen Hundenamen?,1903,adorable-1866530klein,media/image/adorable-1866530klein.jpg,1
122,Spondylose - Was kann ich machen?,1904,animal-1869442kein,media/image/animal-1869442kein.jpg,1
123,Arthrose beim Hund -  Wie kann ich helfen?,,,,
124,Gibt es Katzen für Allergiker?,1905,kitty-551554klein,media/image/kitty-551554klein.jpg,1
125,Katzenschnupfen - Was ist zu tun?,1905,kitty-551554klein,media/image/kitty-551554klein.jpg,1
126,Katzenflöhe gezielt bekämpfen,1740,cat-1041324,media/image/cat-1041324.jpg,1
127,Kreuzbandriss beim Hund - Welche Behandlungsvarianten gibt es?,1903,adorable-1866530klein,media/image/adorable-1866530klein.jpg,1
128,Ab wann kann ich einen Hund alleine lassen?,1669,weimaraner-1381186_1920,media/image/weimaraner-1381186_1920.jpg,1
129,Durchfall bei Katzen - Wie kann ich helfen?,1905,kitty-551554klein,media/image/kitty-551554klein.jpg,1
130,Hundewelpen stubenrein bekommen - So einfach ist es!,1664,animal-1284307,media/image/animal-1284307.jpg,1
131,Warum hat Katzenurin einen beißenden Geruch?,1740,cat-1041324,media/image/cat-1041324.jpg,1
132,"Was mache ich, wenn der Hundewelpe beißt?",1664,animal-1284307,media/image/animal-1284307.jpg,1
133,Verstopfung bei Katzen - Wie kann ich helfen?,1740,cat-1041324,media/image/cat-1041324.jpg,1
134,Was ist bei einer Discopathie bzw. beim Bandscheibenvorfall bei Hunden zu tun?,1903,adorable-1866530klein,media/image/adorable-1866530klein.jpg,1
135,Wie kann ich eine Katze erziehen?,1905,kitty-551554klein,media/image/kitty-551554klein.jpg,1
136,Hundetricks - Wie bringe ich sie meinem Hund bei?,1665,dog-889350_1280,media/image/dog-889350_1280.jpg,1
137,Wie entwurme ich meinen Hund richtig?,1301,mann_mit_hund_Bubeck,media/image/mann_mit_hund_Bubeck.png,1
138,Muss man Katzen chippen lassen?,1740,cat-1041324,media/image/cat-1041324.jpg,1
139,Katzen aneinander gewöhnen - So geht es richtig!,1905,kitty-551554klein,media/image/kitty-551554klein.jpg,1
140,Süß und mutig > Jack Russell Terrier - Nicht für jeden Halter geeignet,1919,Jack-Russell-klein,media/image/Jack-Russell-klein.jpg,1
141,Welpennahrung wichtig für eine gute Hundeentwicklung,1920,rottweiler-klein,media/image/rottweiler-klein.jpg,1
142,Labrador Retriever - Einer der treuesten Familienhunde,1921,Labrador-klein,media/image/Labrador-klein.jpg,1
143,Sollte ich meine Katze sterilisieren oder kastrieren lassen?,1905,kitty-551554klein,media/image/kitty-551554klein.jpg,1
144,"Katzenschnupfen – Behandlung, Symptome und Ursachen",1740,cat-1041324,media/image/cat-1041324.jpg,1
145,Analdrüsen Probleme bei Hunden – Anzeichen & Behandlung,1669,weimaraner-1381186_1920,media/image/weimaraner-1381186_1920.jpg,1
146,Zwergschnauzer – Der furchtlose und freundliche Hund,1941,zwergschnauzer,media/image/zwergschnauzer.jpg,1
147,Hunde bei Hitze im Auto lassen – ein absolutes No Go!,1942,Hund-Auto,media/image/Hund-Auto.jpg,1
148,Mimik und Körpersprache bei Hunden,1667,Tramp-und-Hund,media/image/Tramp-und-Hund.png,1
149,Wie bekomme ich meinen Hund stubenrein?,1903,adorable-1866530klein,media/image/adorable-1866530klein.jpg,1
151,Die richtige Kommunikation mit meinem Hund,1669,weimaraner-1381186_1920,media/image/weimaraner-1381186_1920.jpg,1
152,Geschlechtsreife bei Hunden – Intervalle und Entwicklung,1792,Hund-700_467,media/image/Hund-700_467.png,1
153,Ein Statement zur Debatte über Fleisch und Massentierhaltung in Deutschland,1298,Blog_Fleisch_575x381,media/image/Blog_Fleisch_575x381.jpg,1
154,Kosten von Impfungen bei Katzen,1740,cat-1041324,media/image/cat-1041324.jpg,1
155,Welche Impfungen benötigen Hunde?,1921,Labrador-klein,media/image/Labrador-klein.jpg,1
156,Der Berner Sennenhund im Kurzportrait,1977,bernersennen_Bubeck_petfood,media/image/bernersennen_Bubeck_petfood.jpg,1
157,Cane Corso Italiano - Herkunft und Geschichte,1730,Bubeck-logo1950,media/image/Bubeck-logo1950.png,1
158,Cocker Spaniel - Ein kleines Rasseportrait,1730,Bubeck-logo1950,media/image/Bubeck-logo1950.png,1
159,Die Norwegische Waldkatze - Gutes Futter sollte Standard sein,1603,huhn_pur_100g_katze_100g,media/image/huhn_pur_100g_katze_100g.png,1
160,Der Siberian Husky - Kraftentfaltung mit dem richtigen Futter   ,1943,Husky-Paar_Bubeck_petfood,media/image/Husky-Paar_Bubeck_petfood.png,1
161,Russisch Blau Katze – Die richtige Pflege und gutes Futter,1944,russisch-Blau-Katz_Bubeck_petfood,media/image/russisch-Blau-Katz_Bubeck_petfood.jpg,1
162,Katzenminze - Warum lieben sie Katzen?,1905,kitty-551554klein,media/image/kitty-551554klein.jpg,1
163,"Hunde mit Lebererkrankung – Behandlung, Symptome & Ursachen",1790,Hund_700_525,media/image/Hund_700_525.png,1
164,Wie lange dauert die Trächtigkeit bei Hunden?,1920,rottweiler-klein,media/image/rottweiler-klein.jpg,1
165,Was sind die Anzeichen einer Trächtigkeit bei Hunden?,1903,adorable-1866530klein,media/image/adorable-1866530klein.jpg,1
166,"Der treue, kinderliebe Bobtail im Steckbrief",1957,Bobtail-Bubeck_petfood,media/image/Bobtail-Bubeck_petfood.jpg,1
167,Wann sind Katze und Kater geschlechtsreif?,1958,Katze_Pfote_Bubeck_petfood,media/image/Katze_Pfote_Bubeck_petfood.jpg,1
168,Wie alt kann eine Katze werden?,1740,cat-1041324,media/image/cat-1041324.jpg,1
169,Wann ist der richtige Zeitpunkt für die Kastration bei Katzen?,1905,kitty-551554klein,media/image/kitty-551554klein.jpg,1
170,Hunde mit Verhaltensstörungen – Abhilfe bei nervösen Hunden,1666,dog-1343049_1920,media/image/dog-1343049_1920.jpg,1
171,Katzenrasse Heilige Birma – Alle Infos,1962,sacred-birman_Bubeck_petfood,media/image/sacred-birman_Bubeck_petfood.jpg,1
172,Katzen mit Diabetes - Was ist zu tun und zu beachten,1964,katze_diabetes,media/image/katze_diabetes.jpg,1
173,"Trennung, Umzug, Krankheit, Tod: Wohin mit Hund und Katze?",1965,katze_Hund,media/image/katze_Hund.jpg,1
174,Meine Katze verliert Fell – Ursachen und Verhalten,1740,cat-1041324,media/image/cat-1041324.jpg,1
175,Harnsteine bei Hunden – Symptome > Ursachen & Behandlung,1904,animal-1869442kein,media/image/animal-1869442kein.jpg,1
176,"Harnsteine bei Katzen – Behandlung, Ursachen & Symptome",1958,Katze_Pfote_Bubeck_petfood,media/image/Katze_Pfote_Bubeck_petfood.jpg,1
177,Meine Katze hat Durchfall – Ursachen und Maßnahmen,1944,russisch-Blau-Katz_Bubeck_petfood,media/image/russisch-Blau-Katz_Bubeck_petfood.jpg,1
178,Bengal Katzen - Liebevolle Wildkatze mit Herz,1966,bengal-katze_Bubeck_petfood,media/image/bengal-katze_Bubeck_petfood.jpg,1
179,Rasseprofil: Sind Perserkatzen für Allergiker geeignet?,1967,perserkatze_Bubeck_petfood,media/image/perserkatze_Bubeck_petfood.jpg,1
180,British Kurzhaar Katzen - Die Katze mit dem Dickkopf,1968,britisch-kurzhaar_Bubeck_petfood,media/image/britisch-kurzhaar_Bubeck_petfood.jpg,1
181,Die Französische Bulldogge - Welches Futter passt am besten?,1969,franz_Bulldogge_Bubeck_petfood,media/image/franz_Bulldogge_Bubeck_petfood.jpg,1
182,"Rottweiler - Der Hund, der einen selbstbewussten Halter braucht",1970,rottleiler_Bubeck_petfood,media/image/rottleiler_Bubeck_petfood.jpg,1
183,"Der Dackel - fröhlich, flink, agil und treu",1666,dog-1343049_1920,media/image/dog-1343049_1920.jpg,1
184,Der Pomeranian Zwergspitz - Der putzige Familienhund,1971,zwergspitz_Bubeck_petfood,media/image/zwergspitz_Bubeck_petfood.jpg,1
185,Der Border Collie - Er liebt Agility und wird gerne herausgefordert,1973,border_collie_Bubeck_petfood,media/image/border_collie_Bubeck_petfood.jpg,1
186,"Der Deutsche Schäferhund – Rassebeschreibung, Erziehung und Aufzucht",1974,schaeferhund_Bubeck_petfood,media/image/schaeferhund_Bubeck_petfood.jpg,1
187,Malinois - Der belgische Schäferhund im Kurzprofil,1975,belgian-mallinois_Bubeck_petfood,media/image/belgian-mallinois_Bubeck_petfood.jpg,1
188,"Yorkshire Terrier -  klein, wendig und voller Energie",1976,yorkshire-terrier_Bubeck_petfood,media/image/yorkshire-terrier_Bubeck_petfood.jpg,1
189,Der Fuchsbandwurm als unsichtbare Gefahr für den Hund?,1670,Tierarzt_web,media/image/Tierarzt_web.png,1
190,"Leonberger – Groß, schmusig und liebevoll",1998,Leonberger_Bubeck_petfood,media/image/Leonberger_Bubeck_petfood.gif,1
191,Fremdkörper verschluckt: Welche Gefahr besteht für meinen Hund?,1670,Tierarzt_web,media/image/Tierarzt_web.png,1
192,"Alltägliche Dinge, die für Hunde giftig sind",1670,Tierarzt_web,media/image/Tierarzt_web.png,1
193,Werden Mischlingshunde älter als reinrassige Hunde?,1670,Tierarzt_web,media/image/Tierarzt_web.png,1
194,Hunde in Tollwut gefährdeten Wäldern,1904,animal-1869442kein,media/image/animal-1869442kein.jpg,1
195,Der Jagdtrieb bei Hunden kann gefährlich werden,1904,animal-1869442kein,media/image/animal-1869442kein.jpg,1
197,Das XXL Weihnachtsleckerli für den Hund,1651,weihnachtsmann_transparent,media/image/weihnachtsmann_transparent.png,1
198,Ein Weihnachtsmenü für die Katze,1603,huhn_pur_100g_katze_100g,media/image/huhn_pur_100g_katze_100g.png,1
199,Rauhaardackel: robust und ein treuer Begleiter,2015,dachshund-4609905,media/image/dachshund-4609905.jpg,1
200,"Hauskatze oder Rassekatze – Kosten, Pflege, Krankheiten im Vergleich",2016,Frau_mit_Katze_Bubeck_petfood,media/image/Frau_mit_Katze_Bubeck_petfood.jpg,1
201,Krebserkrankungen beim Hund,2017,Hund_krankheit_Bubeck_petfood,media/image/Hund_krankheit_Bubeck_petfood.jpg,1
202,Seuchengefahr im Tierheim,2038,Hund-unter-der-Decke,media/image/Hund-unter-der-Decke.jpg,1
203,Chihuahua – Eine der robustesten Rassen der Welt,2039,chihuahua,media/image/chihuahua.jpg,1
204,Inkontinenz bei Hunden – Was kann man machen?,2041,Hund-aus-stein-pinkelt,media/image/Hund-aus-stein-pinkelt.jpg,1
205,Winterurlaub mit Hund > Geeignete Ziele finde,2040,Leonberger-im-Schnee,media/image/Leonberger-im-Schnee.jpg,1
206,Ist ein Hundemantel im Winter sinnvoll?,2042,Hund-mantel,media/image/Hund-mantel.jpg,1
207,Hund mit Schmerzen: Anzeichen erkennen und richtig reagieren,2043,Bubeck-Hund-Traurig,media/image/Bubeck-Hund-Traurig.jpg,1
208,Dalmatiner - Die edle und elegante Hunderasse,2044,Bubeck-Dalmatiner-Kopf,media/image/Bubeck-Dalmatiner-Kopf.jpg,1
209,Fieber beim Hund – ein Ratgeber,2045,Bubeck-Hund-Fieber,media/image/Bubeck-Hund-Fieber.jpg,1
210,Einschläfern: Das geliebte Haustier gehen lassen,2047,Bubeck-Hund-Labrador,media/image/Bubeck-Hund-Labrador.jpg,1
211,Das XXL Weihnachtsleckerli für den Hund,1652,Bubeck-Weihnachtsmann,media/image/Bubeck-Weihnachtsmann.png,1
212,Ein Weihnachtsmenü für die Katze,2046,Bubeck-Katze-Weihnachten,media/image/Bubeck-Katze-Weihnachten.jpg,1
213,Darmgesundheit bei Hunden und Katzen ist sehr wichtig,1123,Perfekt-Hunde-1980,media/image/Perfekt-Hunde-1980.png,1
214,Angsthund - Wie ist das Leben zu gestalten?,2048,hund-angst-schaeferhund,media/image/hund-angst-schaeferhund.jpg,1
215,Welche Katzenstreu ist das Beste?,2049,Katzenklo,media/image/Katzenklo.jpg,1
216,Radfahren mit Hunden > sollte nicht die erste Wahl sein!,2051,Fahrrad-Hund-Bubeck41Ue8h4fMqCv4,media/image/Fahrrad-Hund-Bubeck41Ue8h4fMqCv4.jpg,1
217,Borreliose bei Hunden - Was kann man machen?,2052,Wald-Hund-Bubeck,media/image/Wald-Hund-Bubeck.jpg,1
218,Dürfen Hunde Katzenfutter essen?,2053,hund-und-katz-bubeck,media/image/hund-und-katz-bubeck.jpg,1
219,Menschliche Medizin tabu für Haustiere,2058,Bubeck-Tierarzt,media/image/Bubeck-Tierarzt.jpg,1
220,Mein Hund hat Angst vor dem Autofahren - Was kann ich machen?,2059,Bubeck-Hunde-Auto,media/image/Bubeck-Hunde-Auto.jpg,1
221,Chow Chow - Der Bär mit der blauen Zunge,2060,Bubeck-Chow-Chow-Hund,media/image/Bubeck-Chow-Chow-Hund.jpg,1
222,Hunderasse Havaneser - Der Familienhund schlechthin,2061,Bubeck-Havaneser-Hund-Waldweg,media/image/Bubeck-Havaneser-Hund-Waldweg.jpg,1
223,Wie ernähre ich meinen Welpen richtig? Tipps und Mengenangaben,1664,animal-1284307,media/image/animal-1284307.jpg,1
224,Häufige Erkrankungen bei älteren Hunden - Wie kann ich helfen?,1670,Tierarzt_web,media/image/Tierarzt_web.png,1
225,Ernährung für ältere Hunde - Klasse statt Masse,1667,Tramp-und-Hund,media/image/Tramp-und-Hund.png,1
226,Welpenfutter für Havaneser - kräftig und gesund in die Zukunft,2082,Bubeck-Havaneser-Hund-Stein,media/image/Bubeck-Havaneser-Hund-Stein.jpg,1
227,Maßvolle Erziehung vom Labrador beginnt mit Welpenfutter,2083,Bubeck-Labrador-Welpen-suess,media/image/Bubeck-Labrador-Welpen-suess.jpg,1
229,Welpenfutter für einen Berner Sennenhund,2084,Bubeck-Bernersennen-Welpen,media/image/Bubeck-Bernersennen-Welpen.jpg,1
230,Passendes Welpenfutter für einen Chihuahua,2086,chihuahua-bubeck-welpen,media/image/chihuahua-bubeck-welpen.jpg,1
231,Welpenfutter als erster Erziehungsbaustein für den Mops,2087,mops-bubeck-welpen,media/image/mops-bubeck-welpen.jpg,1
232,Ein gesunder Schäferhund Dank hochwertigem Juniorfutter,2088,schaeferhund-bubeck-welpe,media/image/schaeferhund-bubeck-welpe.jpg,1
233,Optimales Welpenfutter für einen Jack Russell Terrier,2089,Jack-Russell-bubeck-welpe,media/image/Jack-Russell-bubeck-welpe.jpg,1
234,Ein passendes Welpenfutter für den Border Collie,2090,border-collie-bubeck-familie,media/image/border-collie-bubeck-familie.jpg,1
235,Kein Geld mehr: Krisen (wie durch Corona) mit einem Hund bewältigen,2102,Bubeck-Familie-mit-Hund,media/image/Bubeck-Familie-mit-Hund.jpg,1
236,Kartäuser Katzen sind beliebte Hauskatzen,2103,Bubeck-Karthaeuser-Katze,media/image/Bubeck-Karthaeuser-Katze.jpg,1
237,Katzen durch Spielzeug motivieren und beschäftigen,2104,Bubeck_Katze_Spielzeug,media/image/Bubeck_Katze_Spielzeug.jpg,1
238,Wie gestalte ich meinen Garten sicher für eine Katze mit Auslauf?,2105,Bubeck-katze-Garten,media/image/Bubeck-katze-Garten.jpg,1
239,Was mache ich mit meiner Katze im Urlaub?,2106,Bubeck-Katze-Urlaub,media/image/Bubeck-Katze-Urlaub.jpg,1
240,Das Leben mit der schönen Maine Coon Katze,2107,Main-Coon-Bubeck,media/image/Main-Coon-Bubeck.jpg,1
242,Eine wunderschöne Unbekannte: Die Sokoke Katze,1603,huhn_pur_100g_katze_100g,media/image/huhn_pur_100g_katze_100g.png,1
243,Designer Dog Nummer 1: Der Labradoodle,2125,Bubeck-Labradodell,media/image/Bubeck-Labradodell.jpg,1
244,Brauche ich für meine Katze eine Hausapotheke?,2126,Bubeck-Katze-mit-Frau,media/image/Bubeck-Katze-mit-Frau.jpg,1
245,CDS: Alzheimer Krankheit beim Hund,2141,Bubeck-Hund-Couch,media/image/Bubeck-Hund-Couch.jpg,1
246,Hilfe – meine Katze frisst nichts!,2161,Bubeck-Katze-frisst-nicht,media/image/Bubeck-Katze-frisst-nicht.jpg,1
247,Milch für die Katze – ja oder nein?,2162,Bubeck-katze-milch,media/image/Bubeck-katze-milch.jpg,1
248,Hundealter ist gleich Menschenjahre mal 7 – stimmt das?,2163,Bubeck-Hund-senior,media/image/Bubeck-Hund-senior.jpg,1
249,Darf ich eine Katze bestrafen und welche Folgen hat das?,2164,Bubeck-Katze-suess-blume,media/image/Bubeck-Katze-suess-blume.jpg,1
250,Junge Katzen vermitteln – worauf sollte man achten?,2166,Bubeck-Katzen-KittenpA29ENwmc6Psr,media/image/Bubeck-Katzen-KittenpA29ENwmc6Psr.jpg,1
251,Getreide ein billiger Füllstoff im Trockenfutter für Hunde?,997,KampfumBully1910-2,media/image/KampfumBully1910-2.png,1
252,Der Laserpointer als Lieblings-Spielzeug der Katze,2175,Bubeck-Korb-mit-Katze,media/image/Bubeck-Korb-mit-Katze.jpg,1
253,Zu heiß für Hund und Katze – Was sollte ich wissen?,2181,Bubeck-Hund-und-Katz,media/image/Bubeck-Hund-und-Katz.jpg,1
254,"Wie verhalte ich mich, wenn ich einen Fundhund entdecke?",2182,Bubeck-Hund-Tramper,media/image/Bubeck-Hund-Tramper.jpg,1
255,Stolze Schönheit in Weiß – die Chinchilla Katze,1603,huhn_pur_100g_katze_100g,media/image/huhn_pur_100g_katze_100g.png,1
256,Katzen züchten – was muss ich wissen?,2183,Bubeck-Katzen-Kitten-Suess,media/image/Bubeck-Katzen-Kitten-Suess.jpg,1
258,Wie kann aktiver Tierschutz aussehen?,2184,Bubeck-Katze-Tierschutz,media/image/Bubeck-Katze-Tierschutz.jpg,1
259,Das Welpenfutter für eine Bracke auswählen,2185,Bubeck-Schweisshund,media/image/Bubeck-Schweisshund.jpg,1
260,Welpenfutter für einen Pudel?,2186,Bubeck-Pudel-Welpen,media/image/Bubeck-Pudel-Welpen.jpg,1
261,Soll mein Hund bei mir im Bett schlafen?,2189,Bubeck-Hund-im-Bett,media/image/Bubeck-Hund-im-Bett.jpg,1
262,Lieblings-Spielzeug Tennisball: Gefahr für den Hund?,2190,Bubeck-Hund-Spielzeug,media/image/Bubeck-Hund-Spielzeug.jpg,1
263,Ein Riese mit Kuschelfaktor: Die Deutsche Dogge,2192,Bubeck-D-nische-Dogge,media/image/Bubeck-D-nische-Dogge.jpg,1
264,Sind Katzen wirklich eifersüchtig?,2193,Bubeck-Katze-Augen,media/image/Bubeck-Katze-Augen.png,1
265,Wie groß muss meine Wohnung für ein Leben mit Hund sein?,2194,Bubeck-Hund-Haus,media/image/Bubeck-Hund-Haus.jpg,1
266,Die häufigsten Fehler bei der Hunde Erziehung,2195,Bubeck-Hund-Wohnung,media/image/Bubeck-Hund-Wohnung.jpg,1
267,Ein Überblick: Ultraschall Diagnostik beim Hund,2196,Bubeck-Labrador-Welpe,media/image/Bubeck-Labrador-Welpe.jpg,1
269,GPS Tracking für meinen Hund?,2210,Bubeck-Zwergschnauzer-Wald,media/image/Bubeck-Zwergschnauzer-Wald.jpg,1
270,Hund entlaufen - was kann ich jetzt tun?,2211,Bubeck-Labrador-Wald,media/image/Bubeck-Labrador-Wald.jpg,1
271,Mein Haustier ist tot – wo soll es bestattet werden?,2212,Bubeck-Hund-Licht,media/image/Bubeck-Hund-Licht.jpg,1
272,Allerlei Wissenswertes über den Münsterländer,2213,Bubeck-M-nsterl-nder,media/image/Bubeck-M-nsterl-nder.jpg,1
273,Merkzettel für den Winter mit Hund,2214,Bubeck-Bernhardiener-Winter,media/image/Bubeck-Bernhardiener-Winter.jpg,1
274,Hunde und Wasser: Schwimmen ist nicht alles!,2215,Bubeck-Labrador-schwimmt,media/image/Bubeck-Labrador-schwimmt.jpg,1
275,Wenn Hund und Igel sich „Gute Nacht“ sagen,2216,Bubeck-hund-igel,media/image/Bubeck-hund-igel.jpg,1
276,"Hilfe, meine Katze ist nachtaktiv!",2217,Bubeck-Katze-Nacht,media/image/Bubeck-Katze-Nacht.jpg,1
277,Liebenswürdiger Grieche: Der Alopekis,2218,Bubeck-Hunderasse-Alopekis,media/image/Bubeck-Hunderasse-Alopekis.jpg,1
278,Aller Anfang ist schwer: Den Welpen sozialisieren und eingewöhnen,2229,Bubeck-Welpen,media/image/Bubeck-Welpen.jpg,1
279,Der perfekte Haushalt – geht das mit Hund und Katze?,2230,Bubeck-Hund-und-KatzEjVy1TLXJ2ZX8,media/image/Bubeck-Hund-und-KatzEjVy1TLXJ2ZX8.jpg,1
280,Die richtige Auslastung eines Hundes – zwischen Langeweile und Überforderung,2231,Bubeck-Hund-spielen,media/image/Bubeck-Hund-spielen.jpg,1
281,Futteraggression bei Hunden – was kann man tun?,2232,Bubeck-hund-fressen,media/image/Bubeck-hund-fressen.jpg,1
282,Allergie oder nicht? Warum hat mein Hund Juckreiz?,2241,Bubeck-Hund,media/image/Bubeck-Hund.jpg,1
283,Die schwarze Schönheit: Die Bombay Katze,2242,Bubeck-Bombay-Katze,media/image/Bubeck-Bombay-Katze.jpg,1
284,Kinder und Hunde in einem Haushalt,2243,Bubeck-Kind-Hund,media/image/Bubeck-Kind-Hund.jpg,1
285,Rund um die OP: Was darf mein Hund und was nicht?,2244,Bubeck-Hund-Halskrause,media/image/Bubeck-Hund-Halskrause.jpg,1
286,Pheromone erleichtern das Leben mit einer Katze,2284,Bubeck-Katze,media/image/Bubeck-Katze.png,1
287,Hundebiss – was der Halter wissen sollte,2514,Bubeck-Hund-biss,media/image/Bubeck-Hund-biss.jpg,1
288,Macht eine App für Hundehalter Sinn?,2515,Bubeck-Hund-App,media/image/Bubeck-Hund-App.jpg,1
289,Animal Hoarding – was macht das aus den Tieren?,2734,Bubeck-Hund-suess,media/image/Bubeck-Hund-suess.jpg,1
290,Spulwürmer beim Hund erkennen und bekämpfen,2735,Bubeck-Hund-unter-der-Decke,media/image/Bubeck-Hund-unter-der-Decke.jpg,1
291,Menschlicher Leichtsinn: Lebensgefahr für die Katze!,2739,Bubeck-Katze-Blume,media/image/Bubeck-Katze-Blume.jpg,1
292,Wie viel Schlaf ist bei Hunden normal?,2740,Bubeck-Hund-schlaf,media/image/Bubeck-Hund-schlaf.jpg,1
293,Wie erkennt der Laie das Alter eines Hundes?,2741,Bubeck-Hund-alter,media/image/Bubeck-Hund-alter.jpg,1
296,Warum sollten Hunde gegen Zwingerhusten geimpft werden?,2747,Bubeck-Hund-Zwinger-Zwingerhusten,media/image/Bubeck-Hund-Zwinger-Zwingerhusten.jpg,1
297,Wohin gehört das Katzenklo?,2748,Bubeck-Katzenklo-Geruch,media/image/Bubeck-Katzenklo-Geruch.jpg,1
298,Viruserkrankung Staupe – wie gefährlich ist sie?,2749,Bubeck-Hund-staube,media/image/Bubeck-Hund-staube.jpg,1
299,Soll mein Hund mit an den Arbeitsplatz?,2760,Bubeck-Arbeitsplatz-Hund,media/image/Bubeck-Arbeitsplatz-Hund.jpg,1
300,Macht eine App für Hundehalter Sinn?,2761,Bubeck-Hund-Handy,media/image/Bubeck-Hund-Handy.jpg,1
301,Ein faszinierendes Haustier: Die Savannah Katze,2762,Bubeck-Savannah-Katze,media/image/Bubeck-Savannah-Katze.jpg,1
302,Eifersucht als Problem bei Hund und Katze,2763,Bubeck-Hund-Katz-Freunde,media/image/Bubeck-Hund-Katz-Freunde.jpg,1
303,Eine Geschichte für sich: Katzen und Insekten,2764,Bubeck-Katze-Insekten,media/image/Bubeck-Katze-Insekten.jpg,1
304,Warum sollten Hunde gegen Zwingerhusten geimpft werden?,2871,Bubeck-Hund-Husten,media/image/Bubeck-Hund-Husten.jpg,1
305,Futterumstellung: Wann ist der beste Zeitpunkt für das Ende vom Welpenfutter?,2872,Bubeck-Welpe-Futterumstellung,media/image/Bubeck-Welpe-Futterumstellung.jpg,1
306,Was können Hunde schmecken?,2880,Bubeck-was-schmeckt-dem-Hund,media/image/Bubeck-was-schmeckt-dem-Hund.jpg,1
307,Wie gut können Hunde hören?,2881,Bubeck-was-h-re-ich-da,media/image/Bubeck-was-h-re-ich-da.jpg,1
308,Bubeck erklärt Zughundesport - Das Equipment | von Anja und Matti,2905,Matti-on-tour,media/image/Matti-on-tour.jpg,1
309,Tipp #1 der Allgäu Hunters: SUP mit dem Hund,2915,Bubeck-Allg-u-Hunters-SUP-mit-Hund,media/image/Bubeck-Allg-u-Hunters-SUP-mit-Hund.jpg,1
310,Wandern mit Hund,2921,Bubeck-Allg-u-Hunters-auf-dem-Berg,media/image/Bubeck-Allg-u-Hunters-auf-dem-Berg.jpg,1
311,Die Fütterung von Jagdhunden,2989,der-Jagdhund-Bubeck-f-ttert-die-Hunde,media/image/der-Jagdhund-Bubeck-f-ttert-die-Hunde.jpg,1
312,"Mein Hund, der Veganer",770,werbetext1900Bubeck,media/image/werbetext1900Bubeck.png,1
